tweet_id,retweet,retweet_count,text,source,screen_name,name,location,description,followers,following,created_at,created_at_seconds,hashtag1,hashtag2,url1,url2,mention1,mention2,lat,lon
251488710686830592,,0,De mi TL quiees iran al juego de la Vinotinto????????,web,wilinton_17,Willy Ortega,,Futuro Ing. Mec // 100% UCVista // Venezolano // Miembro del equipo @Ingenia_UCV // CaracasFC - Vinotinto - Magallanes,239,354,Thu Jan 21 16:41:39 +0000 2010,1348808955.0,,,,,,,,
251488711190138882,,0,"Iran Close to Making a Bomb, Netanyahu Says: Prime Minister Benjamin Netanyahu of Israel told the United Nations... http://t.co/4hD5JWhF","<a href=""http://twitterfeed.com"" rel=""nofollow"">twitterfeed</a>",planettadiario,Planeta Di√°rio,Rio de Janeiro,"Not√≠cias em primeira m√£o: BBC, NY TIMES, GLOBO NEWS, CNN, CBN, BBC BRASIL e muito mais... Nos siga e saiba tudo antes de todos


",1935,2045,Sun Jan 23 10:18:27 +0000 2011,1348808955.0,,,http://t.co/4hD5JWhF,,,,,
251488712989499392,,0,"#news Iran Close to Making a Bomb, Netanyahu Says: Prime Minister Benjamin Netanyahu of Israel told the Un... http://t.co/RRxgSVa1 #news","<a href=""http://twitterfeed.com"" rel=""nofollow"">twitterfeed</a>",JessciaDiaz,Jesscia Diaz,New York,"Loving the fast pace life, modelling, designing and the amazing night life of New York!",512,512,Thu Aug 25 14:28:41 +0000 2011,1348808956.0,news,news,http://t.co/RRxgSVa1,,,,,
251488712637181952,251420102505951232,7,"RT @dankmccoy: I'm nervous. According to Netanyahu, Iran's on the verge of getting giant cartoon bombs. http://t.co/Z0vu3VYi",web,cd5762,Chris DeWayne,,,83,369,Sat May 02 03:38:38 +0000 2009,1348808956.0,,,http://t.co/Z0vu3VYi,,dankmccoy,,,
251488713610244097,,0,"#news Iran Close to Making a Bomb, Netanyahu Says: Prime Minister Benjamin Netanyahu of Israel told the Un... http://t.co/LwaiKxjV #news","<a href=""http://twitterfeed.com"" rel=""nofollow"">twitterfeed</a>",dominquedillock,dominque lockard,Egg Harbor,,1155,1289,Tue Nov 23 14:40:13 +0000 2010,1348808956.0,news,news,http://t.co/LwaiKxjV,,,,,
251488717338972162,,0,"Iran Close to Making a Bomb, Netanyahu Says: Prime Minister Benjamin Netanyahu of Israel told the United Nations... http://t.co/Ztzd0wDT","<a href=""http://twitterfeed.com"" rel=""nofollow"">twitterfeed</a>",IndiNews,World in a NutShell,Mumbai,"Journo. Crazy News Gatherer
News round up from around the world, round the clock
Mission: Keep you abreast of all the happenings",557,68,Wed Aug 17 19:46:43 +0000 2011,1348808957.0,,,http://t.co/Ztzd0wDT,,,,,
251488718152679424,,0,"Iran Close to Making a Bomb, Netanyahu Says: Prime Minister Benjamin Netanyahu of Israel told the United Nations... http://t.co/eIGBpusK","<a href=""http://twitterfeed.com"" rel=""nofollow"">twitterfeed</a>",AbusodeMedios,Julio Sanchez Cristo,Bogota Colombia,denuncie los abusos mediaticos de los periodistas en Colombia como reciben dinero para cerrar instituciones malinformando la opinion publica @wradiocolombia,1365,912,Sat Jul 09 13:50:24 +0000 2011,1348808957.0,,,http://t.co/eIGBpusK,,,,,
251488722741235713,,0,"Iran Close to Making a Bomb, Netanyahu Says: Prime Minister Benjamin Netanyahu of Israel told the United Nations... http://t.co/44xhyh0p","<a href=""http://twitterfeed.com"" rel=""nofollow"">twitterfeed</a>",LEEFUCHEN,LEEFUCHEN,USA,"‰∏ñÁïåÁü•ÂêçÁöÑÁ´ñÁ¨õÊºîÂ•èÂÆ∂ÔºåÂ§©ËµãÂºÇÁ¶ÄÁöÑÊºÇÊµÅÊú®Êî∂ËóèÂÆ∂Ë∑üÈõïÂàªÂÆ∂
",124,27,Fri Jul 09 03:41:22 +0000 2010,1348808958.0,,,http://t.co/44xhyh0p,,,,,
251488722934190080,,0,"RT @Desdemona_jna: @m_ntst  no, parece q lo de Iran, Irak, Israel, espa√±a son juegos de artificio / Era navidaT gorilona!!!","<a href=""http://www.tweetdeck.com"" rel=""nofollow"">TweetDeck</a>",m_ntst,Mariana,,"Lic. en Ciencia Pol√≠tica. 

Todo se reduce a una cuesti√≥n de perspectiva. 
",1466,773,Wed May 27 01:41:23 +0000 2009,1348808958.0,,,,,Desdemona_jna,m_ntst,,
251488723517190144,,0,"Iran Close to Making a Bomb, Netanyahu Says: Prime Minister Benjamin Netanyahu of Israel told the United Nations... http://t.co/wCsF27wV","<a href=""http://twitterfeed.com"" rel=""nofollow"">twitterfeed</a>",face_news,facenews,,Perfil do Facenews no Twitter,299,171,Sat Dec 17 13:27:41 +0000 2011,1348808958.0,,,http://t.co/wCsF27wV,,,,,
251488727766028288,251484812618113024,25,RT @Pajaropolitico: #Porsiteloperdiste ¬øAdi√≥s a la educaci√≥n laica? Episcopado y SNTE pretenden educar juntos. http://t.co/76u84xA0,"<a href=""http://blackberry.com/twitter"" rel=""nofollow"">Twitter for BlackBerry¬Æ</a>",claujarazuri,claus jz,,,165,318,Thu Aug 20 22:03:05 +0000 2009,1348808959.0,Porsiteloperdiste,,http://t.co/76u84xA0,,Pajaropolitico,,,
251488730576211969,,0,"Iran Close to Making a Bomb, Netanyahu Says: Prime Minister Benjamin Netanyahu of Israel told the United Nations... http://t.co/ppjiHsLU","<a href=""http://twitterfeed.com"" rel=""nofollow"">twitterfeed</a>",bookprguy,Brad Butler,"Hollywood, California ","Public Relations Account Executive for Promotion in Motion in Hollywood, CA, handle authors, experts and AmaWaterways, a toop-notch river cruise line.  ",309,159,Wed Jun 29 18:03:01 +0000 2011,1348808960.0,,,http://t.co/ppjiHsLU,,,,,
251488731293433856,,0,"Iran Close to Making a Bomb, Netanyahu Says: Prime Minister Benjamin Netanyahu of Israel told the United Nations... http://t.co/HAKa8de8","<a href=""http://twitterfeed.com"" rel=""nofollow"">twitterfeed</a>",Xsitcom,Xsitcom,,,109,751,Tue Feb 15 21:32:41 +0000 2011,1348808960.0,,,http://t.co/HAKa8de8,,,,,
251488734250418177,,0,"Iran Close to Making a Bomb, Netanyahu Says: Prime Minister Benjamin Netanyahu of Israel told the United Nations... http://t.co/zQgtQrh5","<a href=""http://twitterfeed.com"" rel=""nofollow"">twitterfeed</a>",jemme,Jemme Putchir,Manila,"Ako ay isang taong tao, at hindi hayop :)",120,11,Sat Dec 29 05:36:17 +0000 2007,1348808961.0,,,http://t.co/zQgtQrh5,,,,,
251488734011338752,251488060955578369,1,"RT @EvillySexyBitch: Piers? So sorry, NOT gonna Believe a SINGLE WORD that emits outta the mouth of #WarCriminalTonyBlair ... about #IRA ...",web,isaysmedley,isaysmedley,U.S.,"WTC7 was Controlled Demo, therefore the Official Story is LIES. We must get TRUTH and JUSTICE. Video below asks questions re #911TRUTH Big Picture",722,1216,Sun Feb 20 02:24:45 +0000 2011,1348808961.0,WarCriminalTonyBlair,IRA,,,EvillySexyBitch,,,
251488735114452992,,0,"@InterTwitAction #US Iran Close to Making a Bomb, Netanyahu Says: Prime Minister Benjamin Netanyah... http://t.co/HDqLuojE #art #twitter","<a href=""http://twitterfeed.com"" rel=""nofollow"">twitterfeed</a>",what_ua,–©–û?,,,497,671,Sun Jan 15 11:15:49 +0000 2012,1348808961.0,US,art,http://t.co/HDqLuojE,,InterTwitAction,,,
251488736725061632,,0,"#Kenkou #makeup Iran Close to Making a Bomb, Netanyahu Says: Prime Minister Benjamin Netanyahu ... http://t.co/HDqLuojE #natural #beauty","<a href=""http://twitterfeed.com"" rel=""nofollow"">twitterfeed</a>",what_ua,–©–û?,,,497,671,Sun Jan 15 11:15:49 +0000 2012,1348808961.0,Kenkou,makeup,http://t.co/HDqLuojE,,,,,
251488738834780161,,0,"Iran Close to Making a Bomb, Netanyahu Says: Prime Minister Benjamin Netanyahu of Israel told the United Nations... http://t.co/C3JFWATC","<a href=""http://twitterfeed.com"" rel=""nofollow"">twitterfeed</a>",AlbertoSantos84,Alberto Santos,,,51,40,Wed May 02 08:39:24 +0000 2012,1348808962.0,,,http://t.co/C3JFWATC,,,,,
251488738797027329,251425107057197056,2,"RT @newswatchcanada: Full text of Netanyahu's stirring speech to United Nations on stopping Iran
  http://t.co/Ller5Y13",web,RecommTweet,Recommended Tweets‚Ñ¢,,"Motivation: recommend important tweets that may have been missed. No agenda, just the tweets, ma'am...",146,521,Tue Feb 22 19:21:24 +0000 2011,1348808962.0,,,http://t.co/Ller5Y13,,newswatchcanada,,,
251488738797047809,251456727520784384,4,"RT @worldnetdaily: Netanyahu warns of Iran's 'apocalyptic leaders'
Calls for 'clear red line' to stop regime undeterred by reason http:/ ...",web,TheGodofGods1,Dominique Barbour,Somewhere,Knowledge and wisdom.,222,2001,Fri Jun 19 15:23:47 +0000 2009,1348808962.0,,,,,worldnetdaily,,,
251488740646723584,251487776833417217,0,"@DavidRotemberg  decime, ya q tenes la Norma, no sabes cuando se Iran",web,carp1765,alberto almada,buenos aires,,17,140,Tue Sep 06 21:20:01 +0000 2011,1348808962.0,,,,,DavidRotemberg,,,
251488741846294528,,0,"Iran Close to Making a Bomb, Netanyahu Says: Prime Minister Benjamin Netanyahu of Israel told the United Nations... http://t.co/fxEHNDB4","<a href=""http://twitterfeed.com"" rel=""nofollow"">twitterfeed</a>",QuallsH,Qualls Holdings,,,41,28,Sun Jun 10 02:14:23 +0000 2012,1348808963.0,,,http://t.co/fxEHNDB4,,,,,
251488744216092672,,0,"NYTimes Global: Iran Close to Making a Bomb, Netanyahu Says: Prime Minister Benjamin Netanyahu of Israel told th... http://t.co/5eQBZOM5","<a href=""http://twitterfeed.com"" rel=""nofollow"">twitterfeed</a>",WorldwideNEWS3,Worldwide NEWS,U.S.,"FOLLOW for News from all over the world , all the channels in one place , BBC , CNN , ABC , SBS , NYTimes , Telegraph , Gaurdian , Russia Today #TEAMFOLLOWBACK",2180,2162,Sun Jun 17 16:52:03 +0000 2012,1348808963.0,,,http://t.co/5eQBZOM5,,,,,
251488744975265792,,0,"Iran Close to Making a Bomb, Netanyahu Says: Prime Minister Benjamin Netanyahu of Israel told the United Nations... http://t.co/Wrizq5MD","<a href=""http://twitterfeed.com"" rel=""nofollow"">twitterfeed</a>",arrullos,Alma Arrullos,"√úT: 19.313461,-99.143074","El ayer es experiencia,y el ma√±ana,esperanza",119,181,Sat May 28 06:00:34 +0000 2011,1348808963.0,,,http://t.co/Wrizq5MD,,,,,
251488745675702273,,0,"#NEWS Iran Close to Making a Bomb, Netanyahu Says: Prime Minister Benjamin Netanyahu of Israel told the U... http://t.co/t8yWAf2Y #World","<a href=""http://twitterfeed.com"" rel=""nofollow"">twitterfeed</a>",_Harley_Woody,Woody ,"Virginia Beach,Virginia",I love my #Harley ... #Beaches ... and of course #MUSIC! You can never be #old & #wise if you were never #young & #crazy! ,6017,6003,Wed Dec 07 20:19:18 +0000 2011,1348808964.0,NEWS,World,http://t.co/t8yWAf2Y,,,,,
251488746397130752,,0,"Iran Close to Making a Bomb, Netanyahu Says: Prime Minister Benjamin Netanyahu of Israel told the United Nations... http://t.co/rjwU51Rt","<a href=""http://twitterfeed.com"" rel=""nofollow"">twitterfeed</a>",_yudi_f,Jude Febri,,Anything you want!,274,249,Wed Jul 11 17:15:09 +0000 2012,1348808964.0,,,http://t.co/rjwU51Rt,,,,,
251488747923857408,,0,"Iran Close to Making a Bomb, Netanyahu Says: Prime Minister Benjamin Netanyahu of Israel told the United Nations... http://t.co/q5idGu61","<a href=""http://twitterfeed.com"" rel=""nofollow"">twitterfeed</a>",gelarsramdhani,Gelar S. Ramdhani,Bandung - Purwokerto,"Mahasiswa Univ. Jenderal Soedirman (UNSOED), Penulis, Aktivis Persatuan Senat Mahasiswa Kedokteran Gigi Indonesia (@PSMKGI), Entrepreneur, I Love @adeninings",390,422,Wed Aug 17 04:48:51 +0000 2011,1348808964.0,,,http://t.co/q5idGu61,,,,,
251488752222998528,251420102505951232,8,"RT @dankmccoy: I'm nervous. According to Netanyahu, Iran's on the verge of getting giant cartoon bombs. http://t.co/Z0vu3VYi",web,MeggyVC,Meg Currell,"√úT: 41.902687,-88.335693","Wife. Nearly empty nester. Irish anti-bigot, not afraid of a good clean fight. Proud Obama supporter. 
Read my blog @ http://unbreakablejourney/Tuesday'sChild",844,1459,Wed Feb 25 21:27:31 +0000 2009,1348808965.0,,,http://t.co/Z0vu3VYi,,dankmccoy,,,
251488755607826432,251488290354626560,9,"RT @BoyGeorge: Iran with a nuclear weapon is unacceptable.  Surely, anyone with a nuclear weapon is unacceptable?",web,headthinksalot,Montague Carter,,I am just very punk rock solid babe.,52,357,Tue Sep 18 03:11:11 +0000 2012,1348808966.0,,,,,BoyGeorge,,,
251488764952715264,251487083758227456,4,RT @SydWalker: Netanyahu Worked Inside Nuclear Smuggling Ring http://t.co/jwzEQHDU The creep demanding war against Iran helped steal US  ...,web,rougek66,rouge66,florida for now, Nature Rules Not Man  I am 66 & I am sick & tired of the corrupt govt of the US and Corporate Rule Enjoy garden being organic for 25 yrs,732,638,Wed Jul 27 22:04:28 +0000 2011,1348808968.0,,,http://t.co/jwzEQHDU,,SydWalker,,,
251488768085868544,251488459779354624,1,RT @Silverchex: Benjamin Netanyahu Says World Must Draw 'Red Line' For Iran http://t.co/gxhcBwhV via @HuffPostWorld,"<a href=""http://www.handmark.com"" rel=""nofollow"">TweetCaster for iOS</a>",TalkinToU,TalkinToU,"If I'm not there, I'm here.",#FF @BobOrci @GabrielMacht @CarrieAnnInaba @KevinFrazier @TrevorOMunson @OfficialKimora @BonnieHunt_real @JaneWells @MrCraigBierko @ExtraJoe @HayesStaci,2149,2358,Mon May 04 18:51:51 +0000 2009,1348808969.0,,,http://t.co/gxhcBwhV,,Silverchex,HuffPostWorld,,
251488769239302144,251488060955578369,2,"RT @EvillySexyBitch: Piers? So sorry, NOT gonna Believe a SINGLE WORD that emits outta the mouth of #WarCriminalTonyBlair ... about #IRA ...",web,kalifani6,kalifani6,Here,"reluctant poet secular humanist sexy nature.Music is my sanctuary.Love4Cinema:anythng w/an edge.N2 politcs nOrdr2 observe th unseen hand http://bit.ly/gaKsg0 
",970,951,Wed Nov 12 21:00:04 +0000 2008,1348808969.0,WarCriminalTonyBlair,IRA,,,EvillySexyBitch,,,
251488781344075776,,0,"#israel  Foreign Ministry: Iran sanctions good, but not enough http://t.co/bM21PXrI #usa","<a href=""http://dlvr.it"" rel=""nofollow"">dlvr.it</a>",Mossadro,Mossad,Jerusalem,Never mess with the Mossad !,645,125,Sun Oct 19 19:28:53 +0000 2008,1348808972.0,israel,usa,http://t.co/bM21PXrI,,,,,
251488783734816769,,0,"#israel  Foreign Ministry: Iran sanctions good, but not enough http://t.co/Y1gW1wWP #usa","<a href=""http://dlvr.it"" rel=""nofollow"">dlvr.it</a>",MaghenDavid,Maghen David,Jerusalem,The Shield of David !!! Am Israel Chai !!!,1011,91,Wed Feb 02 04:13:19 +0000 2011,1348808973.0,israel,usa,http://t.co/Y1gW1wWP,,,,,
251488785064394752,,0,Fake Al Qaeda Actors EXPOSED! Adam Gadahn &amp; Yousef al-Khattab http://t.co/ezQLZMYU #propaganda #iran #israel #mossad #CIA,web,WRH_Mike_Rivero,Michael Rivero,Oahu,"Visual Effects, Webmaster, talk radio host, Peace Activist",2701,80,Sun Oct 26 15:41:02 +0000 2008,1348808973.0,propaganda,iran,http://t.co/ezQLZMYU,,,,,
251488785194418176,,0,"#israel  Erdogan lashes out at Russia, China, Iran over Syria http://t.co/F93SIgc3 #usa","<a href=""http://dlvr.it"" rel=""nofollow"">dlvr.it</a>",Mossadro,Mossad,Jerusalem,Never mess with the Mossad !,645,125,Sun Oct 19 19:28:53 +0000 2008,1348808973.0,israel,usa,http://t.co/F93SIgc3,,,,,
251488786419159041,,0,#israel  White House: US shares Israeli goal of stopping Iran nukes http://t.co/g3Nskbo7 #usa,"<a href=""http://dlvr.it"" rel=""nofollow"">dlvr.it</a>",Mossadro,Mossad,Jerusalem,Never mess with the Mossad !,645,125,Sun Oct 19 19:28:53 +0000 2008,1348808973.0,israel,usa,http://t.co/g3Nskbo7,,,,,
251488787404824579,,0,"#israel  Erdogan lashes out at Russia, China, Iran over Syria http://t.co/GhEZAMPu #usa","<a href=""http://dlvr.it"" rel=""nofollow"">dlvr.it</a>",MaghenDavid,Maghen David,Jerusalem,The Shield of David !!! Am Israel Chai !!!,1011,91,Wed Feb 02 04:13:19 +0000 2011,1348808974.0,israel,usa,http://t.co/GhEZAMPu,,,,,
251488788700880896,,0,#israel  White House: US shares Israeli goal of stopping Iran nukes http://t.co/IWypOUwX #usa,"<a href=""http://dlvr.it"" rel=""nofollow"">dlvr.it</a>",MaghenDavid,Maghen David,Jerusalem,The Shield of David !!! Am Israel Chai !!!,1011,91,Wed Feb 02 04:13:19 +0000 2011,1348808974.0,israel,usa,http://t.co/IWypOUwX,,,,,
251488796091244545,,0,Poca a poco se iran dando las cosas...,"<a href=""http://blackberry.com/twitter"" rel=""nofollow"">Twitter for BlackBerry¬Æ</a>",carlosecd19,Carlos Chourio,Maracaibo,"Pocos ven lo que somos, todos ven lo que aparentamos.",37,118,Sat Oct 08 12:45:33 +0000 2011,1348808976.0,,,,,,,,
251488797093683201,,0,"Netanyahu draws ""red line"" on Iran's nuclear program - Reuters http://t.co/49ZqsZDT","<a href=""http://twitterfeed.com"" rel=""nofollow"">twitterfeed</a>",MinervaRott3786,Minerva Rott,Houston,,6,0,Wed Jan 18 18:30:11 +0000 2012,1348808976.0,,,http://t.co/49ZqsZDT,,,,,
251488800709169152,251488655829528576,1,RT @Periodico24: Francotirador asesina a corresponsal de prensa iran√≠ en Damasco http://t.co/7L20CTWf,"<a href=""http://blackberry.com/twitter"" rel=""nofollow"">Twitter for BlackBerry¬Æ</a>",Carlos_Rosales,Carlos A. Rosales,En #TwitterLand... y Venezuela,Periodista y Comentarista Deportivo. Convencido de que la risa es la mejor dieta para las gastritis de la amargura. Conductor del programa Buenos D√≠as.,714,1251,Wed Jun 17 23:39:25 +0000 2009,1348808977.0,,,http://t.co/7L20CTWf,,Periodico24,,,
251488805465513985,,0,"‚Äú@SantiGurtubay: La ad√∫ltera iran√≠ Ashtian√≠, entre la lapidaci√≥n y la horca http://t.co/OekjxWqI‚Äù","<a href=""http://twitter.com/#!/download/ipad"" rel=""nofollow"">Twitter for iPad</a>",VORTICEMAGAZINE,REVISTA V√ìRTICE,"CANCUN, MEXICO","Jos√© Antonio Callejo, director de la revista V√≥rtice. Participa en el programa de radio Desde el caf√©. 106.7 Caribe FM.",205,340,Fri Dec 10 03:22:03 +0000 2010,1348808978.0,,,http://t.co/OekjxWqI,,SantiGurtubay,,,
251488808514748420,,0,Netanyahu tells U.N. draw 'red line' on Iran http://t.co/oa1pU7E0,"<a href=""http://www.apple.com"" rel=""nofollow"">iOS</a>",kadotien,Eagle One,Nakourgo,"Geek, si √ßa veut seulement dire √©pris de NTIC! aussi socialiste que OBAMA, lol! S‚Äôint√©resse au marketing, management, d√©veloppement personnel",459,464,Sun Dec 05 17:09:19 +0000 2010,1348808979.0,,,http://t.co/oa1pU7E0,,,,,
251488810804850688,,0,"World powers said open to more nuclear talks with Iran, even as Netanyahu ... - Washington Post: Globe and MailW... http://t.co/rzXX6314","<a href=""http://twitterfeed.com"" rel=""nofollow"">twitterfeed</a>",vpguru,V.P.Guru,,,9,5,Wed Nov 17 15:01:40 +0000 2010,1348808979.0,,,http://t.co/rzXX6314,,,,,
251488813476638720,,0,"World powers said open to more nuclear talks with Iran, even as Netanyahu ... - Washington Post: Globe and MailW... http://t.co/RG1ed6hT","<a href=""http://twitterfeed.com"" rel=""nofollow"">twitterfeed</a>",MigmaLama1,Migma Lama,Bengol,"Hello! 
Here you can find interesting and useful information on most popular Themes.Welcome to follow me, please go to my site ",568,1,Sat Apr 23 06:09:41 +0000 2011,1348808980.0,,,http://t.co/RG1ed6hT,,,,,
251488815401816064,,0,"World powers said open to more nuclear talks with Iran, even as Netanyahu ... - Washington Post: Globe and MailW... http://t.co/0HrZ55TU","<a href=""http://twitterfeed.com"" rel=""nofollow"">twitterfeed</a>",akritiverma2,akriti verma,,Hi i am akriti verma i work in an IT firm. I am simple n fun loving. I like to make friends so pls be my frnd,951,156,Thu Jul 28 12:32:02 +0000 2011,1348808980.0,,,http://t.co/0HrZ55TU,,,,,
251488815628316672,,0,"Globalist scum Tony Blair told cocksuck Piers Morgan, ""It's time to attack Iran."" If you can't tell neocons are the bad guys, you're stupid.",web,cliftonchavis,tommybozo,,Bush destroyed America!,202,416,Thu Oct 15 00:17:28 +0000 2009,1348808980.0,,,,,,,,
251488822158827520,,0,"gtop World powers said open to more nuclear talks with Iran, even as Netanyahu ... - Washington Post: Globe... http://t.co/28OUqxuO gtop","<a href=""http://twitterfeed.com"" rel=""nofollow"">twitterfeed</a>",AadhaarCard,Aadhaar Card,,,6,13,Sun Jun 17 09:10:26 +0000 2012,1348808982.0,,,http://t.co/28OUqxuO,,,,,
251488822892843008,,0,"RT @BoyGeorge Iran with a nuclear weapon is unacceptable.  Surely, anyone with a nuclear weapon is unacceptable?","<a href=""http://stone.com/Twittelator"" rel=""nofollow"">Twittelator</a>",ThereIsOnly1Luv,Christopher M. S.,Somewhere in New York,"My name is Christopher & I am a single male. I believe Unless you find some sort of loyalty, you can not find unity and peace in your life and active living.",673,950,Sat Nov 14 17:47:13 +0000 2009,1348808982.0,,,,,BoyGeorge,,,
251488823740071936,,0,"World powers said open to more nuclear talks with Iran, even as Netanyahu ... - Washington Post http://t.co/5jTRFFg1","<a href=""http://twitterfeed.com"" rel=""nofollow"">twitterfeed</a>",nikhildaiya,Nikhil Daiya,Mumbai,A seo consultant in Mumbai keen to learn and share in the internet world. Plan new strategies to achieve the goal of success. Living in #Mumbai,250,55,Fri Apr 02 15:58:39 +0000 2010,1348808982.0,,,http://t.co/5jTRFFg1,,,,,
251488834758520832,,0,Obama Refers to Israel Concern Over Iran as 'Noise' http://t.co/yhUukOA3,"<a href=""http://twitter.com/tweetbutton"" rel=""nofollow"">Tweet Button</a>",12peers,specter of 12 peers,California,Marine 1976-79 1st Mar Div 2nd batt 7th Marines Fox Co 0331,122,289,Tue Jan 11 07:42:00 +0000 2011,1348808985.0,,,http://t.co/yhUukOA3,,,,,
251488845898579968,251339703989698561,0,"RT @ETMinistries: Ahmadinejad UN General Assembly 2012 Live Transcript, Recap: Iran‚Äôs President Discusses ‚ÄúNew‚Ä¶ http://t.co/QFSGBB2D",web,TheGodofGods1,Dominique Barbour,Somewhere,Knowledge and wisdom.,222,2001,Fri Jun 19 15:23:47 +0000 2009,1348808987.0,,,http://t.co/QFSGBB2D,,ETMinistries,,,
251488854463348736,251469080522027008,1,RT @JeffPhillipsAct: RT @PostWorldNews Israeli PM says Iran will have enough enriched uranium for a nuclear weapon by next summer http:/ ...,web,morgfair,Morgan Fairchild,,"Actress, author, speaker.  Love foreign policy, politics, science & anyone with ideas & humor!  Texan who loves art & ballet & old movies.  And rock 'n roll!",15404,3141,Wed Jun 16 15:45:22 +0000 2010,1348808989.0,,,,,JeffPhillipsAct,PostWorldNews,,
251488861413322752,,0,Netanyahu: This is a bomb; this is a fuse! #Ethiopia #MiddleEast #Israel #Iran #Geopolitics @Michael http://t.co/5dENyfko,"<a href=""http://www.facebook.com/twitter"" rel=""nofollow"">Facebook</a>",KweschnMedia,Kweschn Media ,Facebook.com/KweschnMedia,A Virtual Space for Questioning and Speaking One's Mind. | Topics: Ethiopian African Global Poetic | Purpose: Advocate Bridge Empower Inform Inspire.,445,523,Tue Apr 26 05:34:05 +0000 2011,1348808991.0,Ethiopia,MiddleEast,http://t.co/5dENyfko,,michael,,,
251488862998769664,,0,"@imkarla_ap @arantzaQ @TellMeSaam @valerydevargaz @BerenicePozos97 babys, iran ma√±ana? c:",web,HoliSoyFeer,F e r n a n d a.,,"He descubierto el delicado equilibrio entre las fuerzas del bien y del mal, pero me ha gustado mas ignorarlo que respetarlo.JUST @bryanadams",333,281,Fri Dec 03 00:50:26 +0000 2010,1348808992.0,,,,,imkarla_ap,arantzaQ,,
251488868975656960,251482070914826240,1,RT @mistere777: Netanyahu: Iran Will Have Nuclear Weapon by Next Summer http://t.co/PCfRQHgo via @BreitbartNews,"<a href=""http://twitter.com/#!/download/ipad"" rel=""nofollow"">Twitter for iPad</a>",joelbresser,JoelBresser,,"Entrepreneur - and I built it. Scientist, I-banker, Consultant (Corp Finance, M&A, Strategy, Work outs / Turnarounds, EPM), Commodity Trades. Christian, Father",90,190,Wed Sep 03 19:53:27 +0000 2008,1348808993.0,,,http://t.co/PCfRQHgo,,mistere777,BreitbartNews,,
251488877817233408,,0,Take Them Out? &lt;b&gt;Iran's President&lt;/b&gt; Stresses Need for Restructuring UN http://t.co/O2DL3JJQ,"<a href=""http://www.google.com/"" rel=""nofollow"">Google</a>",kevlaffoon,Kevin Laffoon,IN. USA,"Political Conservative, Network Marketer, Family Man, Former Construction Salesman, Carpenter, Long Time Bears Fan & NASCAR Little E Fan",892,1600,Mon Feb 02 16:07:47 +0000 2009,1348808995.0,,,http://t.co/O2DL3JJQ,,,,,
251488891654254592,251385096412733440,4,"RT @newswatchcanada: UN: Netanyahu draws 'red line' in ""clash between modernity &amp; medievalism""
'a clear red line will see Iran back  ...",web,RecommTweet,Recommended Tweets‚Ñ¢,,"Motivation: recommend important tweets that may have been missed. No agenda, just the tweets, ma'am...",146,521,Tue Feb 22 19:21:24 +0000 2011,1348808998.0,,,,,newswatchcanada,,,
251488894833528832,,0,DOD: Iranian missile test claim bogus http://t.co/eN9TEgZT #Iran,web,Kaymee,Kaymee,Michigan,"if you are embarrassed by public nudity, turn away. I have no fear, and feel no shame. i am attached to Sovereignty. i am already Free. Backup is @Kaymee_2",1933,568,Sun Sep 28 00:39:40 +0000 2008,1348808999.0,Iran,,http://t.co/eN9TEgZT,,,,,
251488894607052801,251420819736100864,3,"RT @Audie08: ‚Äú@Battleforce3327: @vfunari13 @Audie08 Oh, and did Iran do this? http://t.co/xOKtpbhC‚Äù Shh Iran hates Jews... ;)","<a href=""http://tapbots.com/tweetbot"" rel=""nofollow"">Tweetbot for iOS</a>",vargaszm,"Vargas, The","Richmond, VA",when the power of love overcomes the love of power the world will know peace - jimi hendrix,75,144,Tue Aug 03 16:34:50 +0000 2010,1348808999.0,,,,,Audie08,Battleforce3327,,
251488896335093761,,0,#ÿ≥Ÿàÿ±Ÿäÿß #Syria Larijani:Iran Rejects¬†Foreign Interference in #Syria http://t.co/6qNWtjRJ,"<a href=""http://syria-news.com/"" rel=""nofollow"">BlackBerry2000</a>",nedalhammoud3,nedalhammoud,,,179,157,Wed Mar 28 23:14:51 +0000 2012,1348808999.0,ÿ≥Ÿàÿ±Ÿäÿß,Syria,http://t.co/6qNWtjRJ,,,,,
251488902844649472,251487193154076672,5,"RT @PeruNews: Israel advierte a ONU que se ""hace tarde"" para evitar un arma nuclear iran√≠: El primer ministro de Israel, B... http://t.c ...","<a href=""http://www.tweetdeck.com"" rel=""nofollow"">TweetDeck</a>",RAFAELWINI,Rafael Segnini,Maracay,Lic Contabilidad UCV,193,237,Sun Jun 07 15:59:48 +0000 2009,1348809001.0,,,,,PeruNews,,,
251488904547553281,251488290354626560,9,"RT @BoyGeorge: Iran with a nuclear weapon is unacceptable.  Surely, anyone with a nuclear weapon is unacceptable?","<a href=""http://twitter.com/download/android"" rel=""nofollow"">Twitter for Android</a>",DragonFlyMSP,Chris Blumenfeld,,Cheesecake Bosssss,38,138,Tue Jun 21 13:54:11 +0000 2011,1348809001.0,,,,,BoyGeorge,,,
251488906078453760,251488290354626560,0,"@BoyGeorge 

Who has dropped atomic bombs on civilians so far?  Clue: Not Iran.","<a href=""http://twitter.com/download/iphone"" rel=""nofollow"">Twitter for iPhone</a>",GayTyrone,You Look Great Today,Huddersfield,"Waterboarding instructor. Lesbian looking for political kicks, and baked goods.  Follow me for life advice.  Stop-liking-Bieber help is available.",87,285,Thu Jul 29 11:47:41 +0000 2010,1348809002.0,,,,,BoyGeorge,,,
251488935103037442,,0,"#TopStories Netanyahu draws ""red line"" on Iran's nuclear program via Reuters http://t.co/Fea0dsjK","<a href=""http://twitterfeed.com"" rel=""nofollow"">twitterfeed</a>",MinutePost,MinutePost - World,Twitter,"An automatic twitter tabloid that collects, organises and shares trending headlines from across the net. Check out the other editions. Built by @WINKredible",350,43,Sun Aug 14 11:02:29 +0000 2011,1348809009.0,TopStories,,http://t.co/Fea0dsjK,,,,,
251488942682152960,,0,#ÿ≥Ÿàÿ±Ÿäÿß #Syria Larijani:Iran Rejects¬†Foreign Interference in #Syria http://t.co/2ezXxxvD,"<a href=""https://www.yahoo.com"" rel=""nofollow"">sonysat2001</a>",ahmadomran306,ÿ£ÿ≠ŸÖÿØ ÿπŸÖÿ±ÿßŸÜ,,,55,445,Mon Aug 13 05:32:51 +0000 2012,1348809011.0,ÿ≥Ÿàÿ±Ÿäÿß,Syria,http://t.co/2ezXxxvD,,,,,
251488944515067906,,0,"Texto mucho bueno! RT @ARMAKdeODELOT: Estados Unidos e Israel, no Ir√°n, son los que amenazan la paz http://t.co/QUc4GQsm","<a href=""http://www.tweetdeck.com"" rel=""nofollow"">TweetDeck</a>",SDEKS,Juliano Cruz,PORTO ALEGRE,"Sou praticante de Muay Thai,Submission!Claro colorado. O que n√£o mata me torna mais forte! Vamo Inter!! E f√£ de esportes em geral!!!!",102,199,Sat Jun 02 22:13:52 +0000 2012,1348809011.0,,,http://t.co/QUc4GQsm,,ARMAKdeODELOT,,,
251488947237167104,,0,"Max, Tuf√£o, Adauto, Leandro, Rony, Iran... novelinha pra ter corno igual essa to pra ver kkkkkk",web,melissa___81,Melissa,,,35,46,Thu Jul 26 14:24:55 +0000 2012,1348809012.0,,,,,,,,
251488953079853057,,0,"AFC U16 2012 30/9 fixtures: QF2 Iraq v Kuwait, QF3 Korea Republic v Uzbekistan, QF1 Iran v Australia, QF4 Syria v Japan. #daihyo #joeys","<a href=""http://twitter.com/download/android"" rel=""nofollow"">Twitter for Android</a>",Steelinho,Ryan Steele,Adelaide/Êù±‰∫¨/Velidhoo,Urawa Reds supporter; ex-head coach of N. Velidhoo development; raising standards of all Asian/Oz football; analyst for some online/print media.,424,811,Sun Oct 03 05:58:20 +0000 2010,1348809013.0,daihyo,joeys,,,,,,
251488963469131776,,0,Israels Premier: Iran ist gr√∂√üte Bedrohung der Menschheit - RP ONLINE http://t.co/NA2gZEMw #hot #extrahot,"<a href=""http://twitterfeed.com"" rel=""nofollow"">twitterfeed</a>",hotonweb,Leon's News,,,134,16,Wed Jul 29 09:21:39 +0000 2009,1348809015.0,hot,extrahot,http://t.co/NA2gZEMw,,,,,
251488965872455680,251343707754860546,1,RT @ETMinistries: Half of Israelis ‚Äòfear for the state‚Äôs existence‚Äô if war breaks out with Iran ‚Äì Israel News |‚Ä¶ http://t.co/NXUgX8an,web,TheGodofGods1,Dominique Barbour,Somewhere,Knowledge and wisdom.,222,2001,Fri Jun 19 15:23:47 +0000 2009,1348809016.0,,,http://t.co/NXUgX8an,,ETMinistries,,,
251488969211117568,,0,'RED LINE'... http://t.co/g8jXYsY9,"<a href=""http://itunes.apple.com/us/app/official-drudge-report-free/id375614185?mt=8&uo=4"" rel=""nofollow"">Official Drudge Report (Free)</a>",TheBaderNation,The Bader Nation,"St. Louis, MIssouri",Conservative blogger delivering breaking news & political insight. I pump out news on Twitter. I'm also known as a right wing extremist #teaparty #tcot,336,643,Tue Dec 28 22:39:22 +0000 2010,1348809017.0,,,http://t.co/g8jXYsY9,,,,,
251488970607828992,,0,"Tony Blair on unrest with Iran and Israel: ""The consequences of any conflict ... - CNN (blog) http://t.co/Pej0QgTb","<a href=""http://dlvr.it"" rel=""nofollow"">dlvr.it</a>",IsraelIranpalza,Israel & Iran,"California,","We deliver the latest Israel & Iran news everydaytechnology, data science, design, research, entrepreneurship",0,0,Mon May 14 13:28:49 +0000 2012,1348809017.0,,,http://t.co/Pej0QgTb,,,,,
251488978556051457,,0,quepedoo? quienes iran a privanzas?,web,PGGomezllanos,Gomez Llanos‚ô•,,,180,201,Fri Feb 03 23:14:58 +0000 2012,1348809019.0,,,,,,,,
251488986181279746,,0,Ir√°n pide nuevo orden mundial que no opere al servicio de ‚Äòel diablo‚Äô pero s√≠ contra Israel: http://t.co/QDF1awjd v√≠a @vagrantweb,"<a href=""http://twitter.com/tweetbutton"" rel=""nofollow"">Tweet Button</a>",FRABREUM,Felix Abreu,ESTADOS UNIDOS DE AMERICA,,98,107,Wed Feb 10 12:11:48 +0000 2010,1348809021.0,,,http://t.co/QDF1awjd,,vagrantweb,,,
251488988823691264,,0,#BusinessNews Crude extends gains to above $92 on Iran worries via Reuters http://t.co/y5vMpkxp,"<a href=""http://twitterfeed.com"" rel=""nofollow"">twitterfeed</a>",MinutePostBiz,MinutePost - Biz,Twitter,"An automatic twitter tabloid that collects, organises and shares trending Business News from across the net. Check out our other editions. Built by @WINKredible",111,5,Wed Feb 08 19:43:31 +0000 2012,1348809022.0,BusinessNews,,http://t.co/y5vMpkxp,,,,,
251489005303119872,,0,"As Iran's nukes fly over LA, #Obama will still be making excuses from his shelter. #RNC2012 #GOP #GOP2012 #DNC #DNC2012 #tcot #p2 #Mitt2012",web,AmPriorities,American Priorities,"Long Island, New York",AmericanPriorities.Org is political action committee which independently supports federal candidates who share its values.,409,859,Wed May 09 19:23:01 +0000 2012,1348809025.0,Obama,RNC2012,,,,,,
251489006712410112,,0,By March Towards War: 100000 Troops Mass Around Iran - Infowars Nightly News http://t.co/VY73rKGd,"<a href=""http://www.skpclient.info"" rel=""nofollow"">skpclient news</a>",sr99news,99percentnews,,Just 99 % News,170,321,Tue Jul 10 08:10:48 +0000 2012,1348809026.0,,,http://t.co/VY73rKGd,,,,,
251489015302332416,,0,"Netanyahu Warns of Attack on Iran, Confesses to Israel Nuclear Arsenal at UN: The Israeli Prime Minister Benjami... http://t.co/cWnkjjza","<a href=""http://twitterfeed.com"" rel=""nofollow"">twitterfeed</a>",marketponzi,Ponzi Market Whore  ,Everywhere,"First, let your greed overcome all regard for the stability of the global market, and overcome your aversion to illegal activities.",404,27,Thu Apr 02 03:13:53 +0000 2009,1348809028.0,,,http://t.co/cWnkjjza,,,,,
251489021371486208,251482475883282432,0,"RT @MirroredSea: ""I watch CNN, but I'm not sure I could tell you the difference in Iraq and Iran."" ""That line used to piss your dad off.""","<a href=""http://twitter.com/download/iphone"" rel=""nofollow"">Twitter for iPhone</a>",AlysonCarper,Silver Fox,"Land O Lakes, FL","Your heart's on your sleeve, and the only one who understands are indie rock bands.",247,189,Fri May 21 23:37:41 +0000 2010,1348809029.0,,,,,MirroredSea,,,
251489023338610688,,0,Netanyahu Urges U.N. to Halt Iran's Nuclear Program: http://t.co/eaW1O7eE   #tcot #tlot #cvn #lnyhbt #TeaParty #ocra Iran #UN #Israel,"<a href=""http://twitter.com/tweetbutton"" rel=""nofollow"">Tweet Button</a>",news34567,Alan's Trusted News,USA,"Publishing news, mostly about Government & Politics.  #LNYHBT #CVN #tcot #nobama #TeaParty #Veterans",1159,1170,Sat Jul 14 13:41:43 +0000 2012,1348809030.0,tcot,tlot,http://t.co/eaW1O7eE,,,,,
251489022780792832,,0,Why can't Israel bomb Iran without America? Do we really need to get involved?,"<a href=""http://twitter.com/download/iphone"" rel=""nofollow"">Twitter for iPhone</a>",joelby1328,Joel Contreras,,Mexican. Gay. 21. Good friend. Alcoholic slut. ,998,509,Wed Dec 02 23:59:44 +0000 2009,1348809030.0,,,,,,,,
251489039729950720,,0,Netanyahu: 'Future of world at stake over Iran'... http://t.co/uUhkRvv6,"<a href=""http://itunes.apple.com/us/app/official-drudge-report-free/id375614185?mt=8&uo=4"" rel=""nofollow"">Official Drudge Report (Free)</a>",TheBaderNation,The Bader Nation,"St. Louis, MIssouri",Conservative blogger delivering breaking news & political insight. I pump out news on Twitter. I'm also known as a right wing extremist #teaparty #tcot,336,643,Tue Dec 28 22:39:22 +0000 2010,1348809034.0,,,http://t.co/uUhkRvv6,,,,,
251489041982304256,,0,@nadi_ag  oye a que hora iran a la 8 ma√±ana=,web,may_mtz97,Joel'May,,me encanta el desmadre!! odio hacer tareas y amo el fut‚ô• orgullasemente UADY y un diablo prepa2‚ô•,217,157,Tue Jul 19 23:44:03 +0000 2011,1348809034.0,,,,,nadi_ag,,,
251489049292976128,251420102505951232,9,"RT @dankmccoy: I'm nervous. According to Netanyahu, Iran's on the verge of getting giant cartoon bombs. http://t.co/Z0vu3VYi",web,anticoulter,Lyni,"Hometown, USA ","political junkie,Patriot,Democrat,Obama-supporter,full-time Mom,part-time nurse,animal lover,unapologetic sarcastic beotch when necessary! ",2850,2735,Tue Jan 27 04:23:27 +0000 2009,1348809036.0,,,http://t.co/Z0vu3VYi,,dankmccoy,,,
251489055928356864,251488500313124865,0,RT @scubdog: Will the World Heed Netanyahu‚Äôs Warning? : http://t.co/vadjG8Ac @Commentary #sgp #tcot #gop,"<a href=""http://twitter.com/download/iphone"" rel=""nofollow"">Twitter for iPhone</a>",MermaidinTX,Lis,Gulf Coast,Here for my amusement,261,613,Mon Jun 22 04:02:09 +0000 2009,1348809038.0,sgp,tcot,http://t.co/vadjG8Ac,,scubdog,Commentary,,
251489065701105665,,0,American Voices: Obama Tough On Iran At U.N. http://t.co/lIgfPjTI,"<a href=""http://www.themana.gr/tweetily-tweet-wordpress-post-automatically/"" rel=""nofollow"">WPTweetily</a>",socialsmashing,SocialSmashing,USA,"Social Media, Technology, Mobile, Entrepreneur | Trending News, all smashed in one! ",2916,3127,Tue Jun 26 01:11:14 +0000 2012,1348809040.0,,,http://t.co/lIgfPjTI,,,,,
251489077919117312,,0,I dont think iran has nukes yet &amp; if their leader trys then he will die. SO THEIR IS NO NEED NOW FOR WORRY EXCEPT,"<a href=""http://mobile.twitter.com"" rel=""nofollow"">Mobile Web</a>",Sappy4142,Lisa Harper,,,5,8,Sun Jan 08 23:46:40 +0000 2012,1348809043.0,,,,,,,,
251489088203546624,,0,Israel's Netanyahu urges 'red line' over nuclear Iran http://t.co/PctloqJc | The UN needs to get off its ass and drop the hammer on Iran.,"<a href=""http://www.hootsuite.com"" rel=""nofollow"">HootSuite</a>",ruliharahap,Ruli Harahap,Rasunastan,Monkeystomper of asshatery,2935,468,Wed Sep 23 15:06:26 +0000 2009,1348809045.0,,,http://t.co/PctloqJc,,,,,
251489090200018944,,0,"Israel's Netanyahu says world must act against Iran; draws ""red line"" to prevent nuke | http://t.co/J1S2fGzR http://t.co/BSttb3gW","<a href=""http://twitter.com/tweetbutton"" rel=""nofollow"">Tweet Button</a>",ravingscholar,Connie Concepcion,"Glasgow, Scotland","American expatriate living in the UK.  I'm completing a PhD on 16th century colonialism and law in Ireland. Anarcho-socialist, feminist, scholar/raver.",70,341,Mon Jun 07 21:25:10 +0000 2010,1348809046.0,,,http://t.co/J1S2fGzR,http://t.co/BSttb3gW,,,,
251489114250158081,,0,Netanyahu asks U.N. to draw 'red line' on Iran's nuclear bomb plans - http://t.co/hywjGLn0 http://t.co/odGtmYCQ,"<a href=""http://twitter.com/tweetbutton"" rel=""nofollow"">Tweet Button</a>",TSwan313,Tim,United States,"Bar√ßa & Spurs Supporter. Green Smoothie Connoisseur. Book Nerd. Runner. Traveler. Love Music, Vanilla, Shower Singing, Mystics, Equality, & The Beautiful Game.",346,306,Mon May 30 00:25:44 +0000 2011,1348809051.0,,,http://t.co/hywjGLn0,http://t.co/odGtmYCQ,,,,
251489122424868864,,0,Netanyahu: Iran could have bomb by next summer if it does not face a ‚Äòred line‚Äô http://t.co/b8LTKyRF,"<a href=""http://www.networkedblogs.com/"" rel=""nofollow"">NetworkedBlogs</a>",sada_e_muslim,Syed Asif Jalal,Come and follow...,"I am a Muslim, a Pakistani, a student , a blogger and a unit of society of my Pakistan.to know about my thoughts , my activities and interest just visit here.
",135,196,Sun Dec 05 07:43:53 +0000 2010,1348809053.0,,,http://t.co/b8LTKyRF,,,,,
251489123817377792,251450845193977858,94,"RT @politicoroger: If Iran's bomb looks like the Wile E. Coyote  drawing that Netanyahu held up at the UN, then we have nothing to worry ...","<a href=""http://twitter.com/download/android"" rel=""nofollow"">Twitter for Android</a>",richeyAjames,Richey James,"Glasgow, Scotland",'Beaver of the Year 1991',40,84,Thu Jan 05 21:06:21 +0000 2012,1348809054.0,,,,,politicoroger,,,
251489137184632832,251383320158556160,7,"RT @CUFI: Netanyahu: The relevant question is not when Iran will get a bomb, but at what stage can we no longer stop Iran?","<a href=""http://mobile.twitter.com"" rel=""nofollow"">Mobile Web</a>",Maliheh3,Maliheh3,,,1,6,Tue Jun 19 13:24:40 +0000 2012,1348809057.0,,,,,CUFI,,,
251489138002513920,,0,"Did the Egyptian revolution fail? Yes, as all revolutions fail - especially when the Islamists won. Just look @ Iran: https://t.co/QJ0FTbaY",web,atmrebels,After The Massacre,Hell,Bloggers With Attitudes. We hate so much we forgot what it was like to love.,532,2002,Thu Aug 25 22:31:35 +0000 2011,1348809057.0,,,https://t.co/QJ0FTbaY,,,,,
251489138916859904,251362795491319808,1,"RT @ETMinistries: Netanyahu aides: PM to set Iran ‚Äòred lines‚Äô in UN speech, avoid Obama clash ‚Äì Israel News http://t.co/tgusln9B",web,TheGodofGods1,Dominique Barbour,Somewhere,Knowledge and wisdom.,222,2001,Fri Jun 19 15:23:47 +0000 2009,1348809057.0,,,http://t.co/tgusln9B,,ETMinistries,,,
251489141588631552,,0,Lo que las iran√≠es no pueden saber http://t.co/bDgg8z6W v√≠a @msncol,"<a href=""http://twitter.com/tweetbutton"" rel=""nofollow"">Tweet Button</a>",jairomendoza3,jairo mendoza ,Colombia,"Aficionado al ciclismo,atletismo",19,72,Mon Jul 04 14:14:27 +0000 2011,1348809058.0,,,http://t.co/bDgg8z6W,,msncol,,,
251489142616240128,,0,#Egypt #Jan25 Netanyahu Demands ‚ÄòRed Line‚Äô on Iran http://t.co/CINnPt9D #masr,"<a href=""http://twitterfeed.com"" rel=""nofollow"">twitterfeed</a>",EGLiveNews,EgyptNews,,http://RssEgypt.com,1368,0,Mon Feb 14 12:59:30 +0000 2011,1348809058.0,Egypt,Jan25,http://t.co/CINnPt9D,,,,,
251489143971000320,251488290354626560,11,"RT @BoyGeorge: Iran with a nuclear weapon is unacceptable.  Surely, anyone with a nuclear weapon is unacceptable?","<a href=""http://twitter.com/download/iphone"" rel=""nofollow"">Twitter for iPhone</a>",jeftan,Jef Tan,"Melbourne, Australia","Art director, designer, writer, activist.",414,922,Mon Jun 09 23:27:22 +0000 2008,1348809059.0,,,,,BoyGeorge,,,
251489144885354497,,0,#Egypt #Masr Netanyahu Demands ‚ÄòRed Line‚Äô on Iran http://t.co/hZv4cKtZ #Jan25,"<a href=""http://twitterfeed.com"" rel=""nofollow"">twitterfeed</a>",RSSMasr,RSSMasr.com,,http://rssmasr.com,929,0,Mon Feb 21 02:23:21 +0000 2011,1348809059.0,Egypt,Masr,http://t.co/hZv4cKtZ,,,,,
251489146953158656,,0,#Egypt #Masr Netanyahu Demands ‚ÄòRed Line‚Äô on Iran http://t.co/DgO7Z1I0 #Sinai,"<a href=""http://twitterfeed.com"" rel=""nofollow"">twitterfeed</a>",RssMasrEn,RSSMasr.com,,http://rssmasr.com/en,828,0,Tue Feb 22 18:45:26 +0000 2011,1348809059.0,Egypt,Masr,http://t.co/DgO7Z1I0,,,,,
251489149763346433,251479353186193410,1,RT @ISCOSEU: Benjamin Netanyahu Says World Must Draw 'Red Line' For Iran: Netanyahu flashed a diagram of a cartoon-like bomb ... http:// ...,web,ingridmajer,ingrid majer,Australia,"German living in Australia, don't know why.",107,642,Sat Jun 11 07:18:26 +0000 2011,1348809060.0,,,,,ISCOSEU,,,
251489152544145408,251488906078453760,0,@GayTyrone Telling Iran that they can't have what everyone else has is slightly rich!,web,BoyGeorge,boygeorge,london,"Barefoot & bananas with a hint of mint! DJ, Singer, Culture Clubber. Bhuddist, Hare Krishna, Raw food vegan. DJ Management is - marc@koolwaters.com ",225172,11595,Fri May 28 12:27:27 +0000 2010,1348809061.0,,,,,GayTyrone,,,
251489159812898816,,0,RT @pixiemona: #Netanyahu‚Äôs Iran Nuclear Timeline: Off Point and Off Base http://t.co/i86ncwy9 via @armscontrolnow | #israel #iran,"<a href=""http://twitter.com/#!/download/ipad"" rel=""nofollow"">Twitter for iPad</a>",mdrfl,mdr in fl,Tehran,techie. Obamamama. positive.,2844,2733,Thu Feb 19 17:08:35 +0000 2009,1348809062.0,Netanyahu,israel,http://t.co/i86ncwy9,,pixiemona,armscontrolnow,,
251489175189204992,251382675661795328,131,RT @MicahZenko: Interesting if Netanyahu held up a chart comparing Israeli nuclear arsenal (200 bombs) vs. Iran's (zero).,"<a href=""http://twitter.com/download/android"" rel=""nofollow"">Twitter for Android</a>",RAF2attac,RAF2attac,Berlin-Tempelhof,Verarmter Adel. Philosoph. Schlechtes Vorbild. Moralist! Linker Gut- & Genu√ümensch. Antiimperialist & Kapitalist. Globalisierungsgegner & doch Weltb√ºrger! ,1056,1883,Mon Jul 06 15:21:39 +0000 2009,1348809066.0,,,,,MicahZenko,,,
251489176778862592,251471856404660224,3,RT @marcylauren: RTHarvey Edwards: Netanyahu BAITS Romney = WAR against IRAN http://t.co/oH0bZP9a,"<a href=""http://www.tweetcaster.com"" rel=""nofollow"">TweetCaster for Android</a>",mms5048,Marcy,NC,I'm a bleeding heart liberal and peace-loving Quaker.  Equality should never be considered optional or conditional.,226,163,Thu Feb 11 04:41:26 +0000 2010,1348809066.0,,,http://t.co/oH0bZP9a,,marcylauren,,,
251489177533829121,251487083758227456,5,RT @SydWalker: Netanyahu Worked Inside Nuclear Smuggling Ring http://t.co/jwzEQHDU The creep demanding war against Iran helped steal US  ...,web,isaysmedley,isaysmedley,U.S.,"WTC7 was Controlled Demo, therefore the Official Story is LIES. We must get TRUTH and JUSTICE. Video below asks questions re #911TRUTH Big Picture",723,1216,Sun Feb 20 02:24:45 +0000 2011,1348809067.0,,,http://t.co/jwzEQHDU,,SydWalker,,,
251489198048178177,,0,"#Pakistan FM Khar on #Iran: We have reached out to Iran too, we worked to convince that the best way to move forward is talk to each other",web,JoaoHwang,Jo√£o Hwang,"New York, NY","former US Army Counterintelligence, OEF/OIF/Korea/VPE, The Minimalist, Aspiring Adirondack 46er *Opinions are my own and does not reflect those of my employers*",191,428,Tue May 03 23:39:09 +0000 2011,1348809071.0,Pakistan,Iran,,,,,,
251489209221775360,251485866952896512,0,@seanhannity @foxnews Sean - what is your presidential opinion of what the US should do about Iran?  Bomb them!,"<a href=""http://twitter.com/#!/download/ipad"" rel=""nofollow"">Twitter for iPad</a>",khamelion59,Chyrel,,,6,48,Wed Feb 11 00:30:33 +0000 2009,1348809074.0,,,,,seanhannity,FoxNews,,
251489219531390977,251386420214771712,8,RT @Bossip: Fighting Words? Iran‚Äôs President Calls For ‚ÄúNew World Order‚Äù And Says Enough With America‚Äôs International Bullyi... http://t ...,"<a href=""http://twitter.com/download/iphone"" rel=""nofollow"">Twitter for iPhone</a>",DJINFOTEK,dj infotek,"Miltown, Midwest, USA,Dallas","Dj, Promoter, Record Breaker djs /Core djs/ Intrinsic Entertainment Group, PHI BETA SIGMA,That dj who Break records",1231,695,Sun Mar 01 18:22:51 +0000 2009,1348809077.0,,,,,Bossip,,,
251489222828113920,,0,Iran is laughing @BarackObama unfortunately he is taking the USA down with him,"<a href=""http://twitter.com/download/iphone"" rel=""nofollow"">Twitter for iPhone</a>",Bitter_American,Heather D Gibson,"Palatine, Illinois","Recovering Democrat,now a Proud Conservative who loves God. Family & Country. Let's stand up to the fools in DC & protect the Constitution#tcot#teaparty",3830,4212,Wed Apr 01 16:18:51 +0000 2009,1348809077.0,,,,,BarackObama,,,
251489235335528448,,0,VIDEO: WINEP‚Äôs Director of Research: U.S. Needs A False Flag to Start A War With Iran | AlterPolitics -... http://t.co/7vkaSplC,"<a href=""http://www.tumblr.com/"" rel=""nofollow"">Tumblr</a>",iamayounglady,Marcela Barrientos,,,16,84,Sat Jun 02 00:08:51 +0000 2012,1348809080.0,,,http://t.co/7vkaSplC,,,,,
251489236354744321,,0,"#Obama Failing to Stop Nuclear Iran, program is still alive and well.: 
Precious Liberty¬†‚Äè@preciouslib... http://t.co/M7KCJigg #Breaking","<a href=""http://twitterfeed.com"" rel=""nofollow"">twitterfeed</a>",RkMeldor,RkMeldor,Southeast US,"Follwing news around the world, started with protests in Egypt, now watching things play out in Libya. 
",495,1656,Wed May 20 19:32:25 +0000 2009,1348809081.0,Obama,Breaking,http://t.co/M7KCJigg,,,,,
251489246374928384,,0,"#SNN At UN, Netanyahu draws line Iran cannot cross: Sept. 27, Israeli Prime Minister Netany... http://t.co/gb1tCPd3 #News #Gcc #arab #us","<a href=""http://twitterfeed.com"" rel=""nofollow"">twitterfeed</a>",AlJazeera_Live,Al Jazeera Live Feed,QATAR,,954,48,Sun Dec 04 15:31:25 +0000 2011,1348809083.0,SNN,News,http://t.co/gb1tCPd3,,,,,
251489252070785024,,0,Read Netanyahu's warning about Iran: Here is the text of Prime Minister Benjamin Netanyahu‚Äôs address to the ... http://t.co/x9oKJTO0 #p2,"<a href=""http://twitterfeed.com"" rel=""nofollow"">twitterfeed</a>",MaosFemaCamp,Mao'sFemaCamp,Secret Undisclosed Locations,"Who ever said going to camp was not fun?  Don't worry about getting here, we send a black unmarked vehicle to pick you up! ",653,34,Mon Feb 21 14:22:10 +0000 2011,1348809084.0,p2,,http://t.co/x9oKJTO0,,,,,
251489253840789504,251385096412733440,5,"RT @newswatchcanada: UN: Netanyahu draws 'red line' in ""clash between modernity &amp; medievalism""
'a clear red line will see Iran back  ...",web,ReleComment,Rele Comment,everywhere and nowhere,"Tweetin' and retweetin', yer darn tootin'",138,370,Wed Oct 26 23:38:38 +0000 2011,1348809085.0,,,,,newswatchcanada,,,
251489257229799424,,0,"Given the means and opportunity, there is no doubt that Iran will attack Israel.  I was talking to an Iranian the... http://t.co/6PyzmvBx","<a href=""http://www.facebook.com/twitter"" rel=""nofollow"">Facebook</a>",MyConservative,Conservative Opinion,,This is MY Conservative Opinion!  If you don't like it...go somewhere else!,14,30,Fri Aug 31 23:34:14 +0000 2012,1348809086.0,,,http://t.co/6PyzmvBx,,,,,
251489261122109441,,0,"Israel's Netanyahu draws his ""red line"" for Iran + more Kentucky News http://t.co/wDZ0e2nv #draws #Iran #Kentucky","<a href=""http://www.encompassnews.com"" rel=""nofollow"">WPencompassnews</a>",EncompassNews,Encompass News,Global,Top news stories from around the world.,181,258,Wed Jun 27 21:56:25 +0000 2012,1348809086.0,draws,Iran,http://t.co/wDZ0e2nv,,,,,
251489269611380736,,0,"#Obama Failing to Stop Nuclear Iran, program is still alive and well. http://t.co/iJ4IgJg0 #News","<a href=""http://www.google.com/"" rel=""nofollow"">Google</a>",perfectsliders,perfectsliders,,"My main content distribution starts on EgyptDay1 I started following the middle east  in 2011 when Tunisia, then Egypt had changes  Now what is going to happen",12841,10922,Thu Jul 09 18:11:41 +0000 2009,1348809088.0,Obama,News,http://t.co/iJ4IgJg0,,,,,
251489273839226880,251476703883427840,1,RT @Wraithaz: Netanyahu's infantile graphic at UN proves he's a bloodthirsty psychopath; wants to attack Iran before it gets a nuclear d ...,web,politicaltragic,Political Tragic,Blackheath NSW,"Latte sipping, Chardonnay swilling socialist who lives in the Blue Mountains. Ambition: to see that TAWNBPM",475,433,Mon Aug 03 21:35:31 +0000 2009,1348809089.0,,,,,Wraithaz,,,
251489277270188034,,0,#didyouknow Zabdi came from Iran? üí£üí£üí£üí£,"<a href=""http://tapbots.com/tweetbot"" rel=""nofollow"">Tweetbot for iOS</a>",NZAVSN,NZA,Gotham,Future Gundam pilot. #Arsenal #ValenciaFC #RealMadrid PSN:Roxasmadrid8,538,207,Fri Jan 20 07:42:05 +0000 2012,1348809090.0,didyouknow,,,,,,,
251489278859833344,,0,Iran launches a local Internet network next year http://t.co/qfC1G1zT,"<a href=""http://www.google.com/"" rel=""nofollow"">Google</a>",hpepoh,hpepoh,,About Help Terms Privacy BlogStatus  Apps Resources Jobs  Advertisers   Businesses  Media  Developers,7,104,Mon Jan 23 02:26:03 +0000 2012,1348809091.0,,,http://t.co/qfC1G1zT,,,,,
251489279421857792,,0,"U.S. blatantly violates the Chemical Weapons Convention, says Iran http://t.co/CWUZSGyv","<a href=""http://twitter.com/tweetbutton"" rel=""nofollow"">Tweet Button</a>",RobertTilford,Robert Tilford,,,68,36,Fri Sep 17 17:57:58 +0000 2010,1348809091.0,,,http://t.co/CWUZSGyv,,,,,
251489281716154368,,0,"Iran Close to Making a Bomb, Netanyahu Says: Prime Minister Benjamin Netanyahu of Israel told the United Nations on Thursday that he ...","<a href=""http://twitterfeed.com"" rel=""nofollow"">twitterfeed</a>",NinsuIn,In-Su	Nan,,Sweet day with friends.,95,12,Sat Aug 04 16:17:25 +0000 2012,1348809091.0,,,,,,,,
251489282605318144,,0,"Iran Close to Making a Bomb, Netanyahu Says: Prime Minister Benjamin Netanyahu of Israel told the United Nations on Thursday that he ...","<a href=""http://twitterfeed.com"" rel=""nofollow"">twitterfeed</a>",CommonBro,WILLIAM	BROWN,,,133,10,Fri Jun 29 14:50:46 +0000 2012,1348809092.0,,,,,,,,
251489285251944448,,0,"El pa√≠s tiene muuuchas emergencias, que la educacion deje de ser laica no es una de ellas. Iglesia y SNTE juntos? http://t.co/25wxRYzd‚Äù","<a href=""http://twitter.com/download/iphone"" rel=""nofollow"">Twitter for iPhone</a>",OcNuria,Nuria Oca√±a ,,,18,66,Sun May 27 06:32:36 +0000 2012,1348809092.0,,,http://t.co/25wxRYzd,,,,,
251489286686404608,,0,"RT ""@autocorrects: How did I get out of Iraq? Iran.""","<a href=""http://twitter.com/download/android"" rel=""nofollow"">Twitter for Android</a>",nfaraain,∆íŒ±—èŒ±Œ±ŒπŒ∑,,"if you love life, life will love you back -Arthur Rubinstein ",59,67,Tue Dec 20 02:42:13 +0000 2011,1348809093.0,,,,,autocorrects,,,
